timestamp,step_idx,stage,op,component,layer,label,score,threshold,decision,scaled
2026-08-20T00:34:27.005098+00:00,-1,0,baseline,baseline,-1,Light-IF-32B,76.0,0.0,baseline,False
2026-08-20T00:36:20.834125+00:00,0,1,merge,mlp,15,Light-IF-32B,76.0,2.0,accepted,False
2026-08-20T00:39:11.309728+00:00,1,1,merge,mlp,17,Light-IF-32B,76.0,2.0,accepted,False
2026-08-20T00:39:53.998741+00:00,2,1,merge,mlp,13,Light-IF-32B,76.0,2.0,accepted,False
2026-08-20T00:40:30.167280+00:00,3,1,merge,mlp,19,Light-IF-32B,76.0,2.0,accepted,False
2026-08-20T00:41:05.400728+00:00,4,1,merge,mlp,11,Light-IF-32B,76.0,2.0,accepted,False
2026-08-20T00:41:40.736617+00:00,5,1,merge,mlp,21,Light-IF-32B,76.0,2.0,accepted,False
2026-08-20T00:42:22.616939+00:00,6,1,merge,mlp,8,Light-IF-32B,76.0,2.0,accepted,False
2026-08-20T00:42:58.816567+00:00,7,1,merge,mlp,24,Light-IF-32B,76.0,2.0,accepted,False
2026-08-20T00:43:33.971884+00:00,8,1,merge,mlp,26,Light-IF-32B,76.0,2.0,accepted,False
2026-08-20T00:44:15.377472+00:00,9,1,merge,mlp,3,Light-IF-32B,76.0,2.0,accepted,False
2026-08-20T00:44:57.259203+00:00,10,1,merge,mlp,28,Light-IF-32B,76.0,2.0,accepted,False
2026-08-20T00:45:33.297512+00:00,11,1,merge,mlp,30,Light-IF-32B,76.0,2.0,accepted,False
2026-08-20T00:46:08.222036+00:00,12,1,merge,mlp,39,Light-IF-32B,76.0,2.0,accepted,False
2026-08-20T00:46:43.745692+00:00,13,1,merge,mlp,41,Light-IF-32B,76.0,2.0,accepted,False
2026-08-20T00:47:18.709773+00:00,14,1,merge,mlp,44,Light-IF-32B,76.0,2.0,accepted,False
2026-08-20T00:47:53.459434+00:00,15,1,merge,mlp,46,Light-IF-32B,76.0,2.0,accepted,False
2026-08-20T00:48:34.650121+00:00,16,1,merge,mlp,48,Light-IF-32B,76.0,2.0,accepted,False
2026-08-20T00:49:10.541861+00:00,17,1,merge,mlp,50,Light-IF-32B,76.0,2.0,accepted,False
2026-08-20T00:49:45.417214+00:00,18,1,merge,mlp,52,Light-IF-32B,76.0,2.0,accepted,False
2026-08-20T00:50:20.334147+00:00,19,1,merge,mlp,55,Light-IF-32B,76.0,2.0,accepted,False
2026-08-20T00:50:56.131034+00:00,20,1,merge,mlp,57,Light-IF-32B,76.0,2.0,accepted,False
2026-08-20T00:51:31.056895+00:00,21,1,merge,mlp,59,Light-IF-32B,76.0,2.0,accepted,False
2026-08-20T00:52:08.561308+00:00,22,1,merge,mlp,63,Light-IF-32B,76.0,2.0,accepted,False
2026-08-20T00:52:43.781584+00:00,23,1,merge,mlp,61,Light-IF-32B,76.0,2.0,accepted,False
2026-08-20T00:53:18.317468+00:00,24,1,merge,mlp,5,Light-IF-32B,76.0,2.0,accepted,False
2026-08-20T00:53:53.054553+00:00,25,1,merge,mlp,0,Light-IF-32B,76.0,2.0,accepted,False
2026-08-20T00:54:27.510934+00:00,26,1,merge,mlp,32,Light-IF-32B,76.0,2.0,accepted,False
2026-08-20T00:55:02.058967+00:00,27,1,merge,mlp,34,Light-IF-32B,76.0,2.0,accepted,False
2026-08-20T00:55:36.469317+00:00,28,1,merge,mlp,36,Light-IF-32B,76.0,2.0,accepted,False
2026-08-20T00:56:11.520979+00:00,29,1,merge,mlp,16,Light-IF-32B,76.0,2.0,accepted,False
2026-08-20T00:56:47.107525+00:00,30,1,merge,mlp,14,Light-IF-32B,76.0,2.0,accepted,False
2026-08-20T00:57:28.160491+00:00,31,1,merge,mlp,18,Light-IF-32B,76.0,2.0,accepted,False
2026-08-20T00:58:04.052558+00:00,32,1,merge,mlp,20,Light-IF-32B,76.0,2.0,accepted,False
2026-08-20T00:58:39.203115+00:00,33,1,merge,mlp,10,Light-IF-32B,76.0,2.0,accepted,False
2026-08-20T00:59:14.636974+00:00,34,1,merge,mlp,22,Light-IF-32B,74.0,2.0,accepted,False
2026-08-20T00:59:49.666677+00:00,35,1,merge,mlp,27,Light-IF-32B,74.0,2.0,accepted,False
2026-08-20T01:00:24.964058+00:00,36,1,merge,mlp,2,Light-IF-32B,74.0,2.0,accepted,False
2026-08-20T01:00:59.903506+00:00,37,1,merge,mlp,29,Light-IF-32B,74.0,2.0,accepted,False
2026-08-20T01:01:35.251307+00:00,38,1,merge,mlp,31,Light-IF-32B,74.0,2.0,accepted,False
2026-08-20T01:02:09.942826+00:00,39,1,merge,mlp,42,Light-IF-32B,74.0,2.0,accepted,False
2026-08-20T01:02:44.641755+00:00,40,1,merge,mlp,45,Light-IF-32B,74.0,2.0,accepted,False
2026-08-20T01:03:19.479969+00:00,41,1,merge,mlp,47,Light-IF-32B,74.0,2.0,accepted,False
2026-08-20T01:03:54.007953+00:00,42,1,merge,mlp,51,Light-IF-32B,74.0,2.0,accepted,False
2026-08-20T01:04:28.491487+00:00,43,1,merge,mlp,56,Light-IF-32B,74.0,2.0,accepted,False
2026-08-20T01:05:09.309070+00:00,44,1,merge,mlp,58,Light-IF-32B,74.0,2.0,accepted,False
2026-08-20T01:05:45.131423+00:00,45,1,merge,mlp,60,Light-IF-32B,74.0,2.0,accepted,False
2026-08-20T01:06:19.512725+00:00,46,1,merge,mlp,12,Light-IF-32B,74.0,2.0,accepted,False
2026-08-20T01:06:54.068760+00:00,47,1,merge,mlp,9,Light-IF-32B,74.0,2.0,accepted,False
2026-08-20T01:07:34.478939+00:00,48,1,merge,mlp,23,Light-IF-32B,74.0,2.0,accepted,False
2026-08-20T01:08:10.266204+00:00,49,1,merge,mlp,25,Light-IF-32B,74.0,2.0,accepted,False
2026-08-20T01:08:50.552302+00:00,50,1,merge,mlp,53,Light-IF-32B,74.0,2.0,accepted,False
2026-08-20T01:09:26.159085+00:00,51,1,merge,mlp,54,Light-IF-32B,74.0,2.0,accepted,False
2026-08-20T01:10:00.659766+00:00,52,1,merge,mlp,7,Light-IF-32B,74.0,2.0,accepted,False
2026-08-20T01:10:41.153795+00:00,53,1,merge,mlp,33,Light-IF-32B,74.0,2.0,accepted,False
2026-08-20T01:11:16.924153+00:00,54,1,merge,mlp,35,Light-IF-32B,76.0,2.0,accepted,False
2026-08-20T01:11:51.583385+00:00,55,1,merge,mlp,62,Light-IF-32B,76.0,2.0,accepted,False
2026-08-20T01:12:26.080196+00:00,56,1,merge,attn,14,Light-IF-32B,76.0,2.0,accepted,False
2026-08-20T01:13:00.306115+00:00,57,1,merge,attn,19,Light-IF-32B,76.0,2.0,accepted,False
2026-08-20T01:13:34.812466+00:00,58,1,merge,attn,21,Light-IF-32B,76.0,2.0,accepted,False
2026-08-20T01:14:09.132546+00:00,59,1,merge,attn,9,Light-IF-32B,76.0,2.0,accepted,False
2026-08-20T01:14:43.400185+00:00,60,1,merge,attn,7,Light-IF-32B,76.0,2.0,accepted,False
2026-08-20T01:15:18.286417+00:00,61,1,merge,attn,5,Light-IF-32B,76.0,2.0,accepted,False
2026-08-20T01:15:52.805916+00:00,62,1,merge,attn,26,Light-IF-32B,76.0,2.0,accepted,False
2026-08-20T01:16:27.372795+00:00,63,1,merge,attn,3,Light-IF-32B,76.0,2.0,accepted,False
2026-08-20T01:17:01.772466+00:00,64,1,merge,attn,29,Light-IF-32B,78.0,2.0,accepted,False
2026-08-20T01:17:36.556071+00:00,65,1,merge,attn,1,Light-IF-32B,76.0,2.0,accepted,False
2026-08-20T01:18:11.059486+00:00,66,1,merge,attn,31,Light-IF-32B,76.0,2.0,accepted,False
2026-08-20T01:18:45.570308+00:00,67,1,merge,attn,36,Light-IF-32B,78.0,2.0,accepted,False
2026-08-20T01:19:20.055676+00:00,68,1,merge,attn,41,Light-IF-32B,76.0,2.0,accepted,False
2026-08-20T01:19:54.586020+00:00,69,1,merge,attn,44,Light-IF-32B,76.0,2.0,accepted,False
2026-08-20T01:20:28.995911+00:00,70,1,merge,attn,52,Light-IF-32B,76.0,2.0,accepted,False
2026-08-20T01:21:03.247085+00:00,71,1,merge,attn,56,Light-IF-32B,76.0,2.0,accepted,False
2026-08-20T01:21:37.742708+00:00,72,1,merge,attn,58,Light-IF-32B,76.0,2.0,accepted,False
2026-08-20T01:22:12.608312+00:00,73,1,merge,attn,23,Light-IF-32B,76.0,2.0,accepted,False
2026-08-20T01:22:47.030059+00:00,74,1,merge,attn,33,Light-IF-32B,76.0,2.0,accepted,False
2026-08-20T01:23:21.330236+00:00,75,1,merge,attn,38,Light-IF-32B,78.0,2.0,accepted,False
2026-08-20T01:23:55.754443+00:00,76,1,merge,attn,46,Light-IF-32B,78.0,2.0,accepted,False
2026-08-20T01:24:30.627030+00:00,77,1,merge,attn,48,Light-IF-32B,78.0,2.0,accepted,False
2026-08-20T01:25:04.725681+00:00,78,1,merge,attn,17,Light-IF-32B,78.0,2.0,accepted,False
2026-08-20T01:25:39.011985+00:00,79,1,merge,attn,12,Light-IF-32B,78.0,2.0,accepted,False
2026-08-20T01:26:13.207086+00:00,80,1,merge,attn,50,Light-IF-32B,78.0,2.0,accepted,False
2026-08-20T01:26:47.964868+00:00,81,1,merge,attn,54,Light-IF-32B,78.0,2.0,accepted,False
2026-08-20T01:27:22.275129+00:00,82,1,merge,attn,60,Light-IF-32B,78.0,2.0,accepted,False
2026-08-20T01:27:56.687622+00:00,83,1,merge,attn,62,Light-IF-32B,78.0,2.0,accepted,False
2026-08-20T01:28:31.008912+00:00,84,1,merge,attn,13,Light-IF-32B,78.0,2.0,accepted,False
2026-08-20T01:29:05.438618+00:00,85,1,merge,attn,20,Light-IF-32B,78.0,2.0,accepted,False
2026-08-20T01:29:39.754901+00:00,86,1,merge,attn,22,Light-IF-32B,78.0,2.0,accepted,False
2026-08-20T01:30:14.184827+00:00,87,1,merge,attn,8,Light-IF-32B,78.0,2.0,accepted,False
2026-08-20T01:30:48.452763+00:00,88,1,merge,attn,6,Light-IF-32B,78.0,2.0,accepted,False
2026-08-20T01:31:22.816172+00:00,89,1,merge,attn,4,Light-IF-32B,78.0,2.0,accepted,False
2026-08-20T01:31:57.485829+00:00,90,1,merge,attn,2,Light-IF-32B,78.0,2.0,accepted,False
2026-08-20T01:32:32.180220+00:00,91,1,merge,attn,30,Light-IF-32B,78.0,2.0,accepted,False
2026-08-20T01:33:06.778300+00:00,92,1,merge,attn,0,Light-IF-32B,78.0,2.0,accepted,False
2026-08-20T01:33:41.322561+00:00,93,1,merge,attn,45,Light-IF-32B,78.0,2.0,accepted,False
2026-08-20T01:34:15.861916+00:00,94,1,merge,attn,15,Light-IF-32B,78.0,2.0,accepted,False
2026-08-20T01:34:50.335789+00:00,95,1,merge,attn,25,Light-IF-32B,76.0,2.0,accepted,False
2026-08-20T01:35:24.735970+00:00,96,1,merge,attn,27,Light-IF-32B,78.0,2.0,accepted,False
2026-08-20T01:35:59.327132+00:00,97,1,merge,attn,28,Light-IF-32B,78.0,2.0,accepted,False
2026-08-20T01:36:33.840883+00:00,98,1,merge,attn,32,Light-IF-32B,78.0,2.0,accepted,False
2026-08-20T01:37:08.133216+00:00,99,1,merge,attn,34,Light-IF-32B,76.0,2.0,accepted,False
2026-08-20T01:37:42.575946+00:00,100,1,merge,attn,35,Light-IF-32B,76.0,2.0,accepted,False
2026-08-20T01:38:16.911059+00:00,101,1,merge,attn,47,Light-IF-32B,76.0,2.0,accepted,False
2026-08-20T01:38:51.456448+00:00,102,1,merge,attn,51,Light-IF-32B,76.0,2.0,accepted,False
2026-08-20T01:39:26.085723+00:00,103,1,merge,attn,55,Light-IF-32B,76.0,2.0,accepted,False
2026-08-20T01:40:00.342181+00:00,104,1,merge,attn,57,Light-IF-32B,76.0,2.0,accepted,False
2026-08-20T01:40:34.810426+00:00,105,1,merge,attn,59,Light-IF-32B,76.0,2.0,accepted,False
2026-08-20T01:41:09.122492+00:00,106,1,merge,attn,11,Light-IF-32B,78.0,2.0,accepted,False
2026-08-20T01:41:43.762489+00:00,107,1,merge,attn,10,Light-IF-32B,76.0,2.0,accepted,False
2026-08-20T01:42:18.131312+00:00,108,1,merge,attn,24,Light-IF-32B,76.0,2.0,accepted,False
2026-08-20T01:42:52.616593+00:00,109,1,merge,attn,39,Light-IF-32B,76.0,2.0,accepted,False
2026-08-20T01:43:27.109489+00:00,110,1,merge,attn,43,Light-IF-32B,76.0,2.0,accepted,False
2026-08-20T01:44:01.605984+00:00,111,1,merge,attn,49,Light-IF-32B,76.0,2.0,accepted,False
2026-08-20T01:44:35.873460+00:00,112,1,merge,attn,53,Light-IF-32B,76.0,2.0,accepted,False
2026-08-20T01:45:10.272524+00:00,113,1,merge,attn,61,Light-IF-32B,76.0,2.0,accepted,False
2026-08-20T01:45:44.602794+00:00,114,1,merge,attn,16,Light-IF-32B,76.0,2.0,accepted,False
2026-08-20T01:46:19.198349+00:00,115,1,merge,attn,18,Light-IF-32B,76.0,2.0,accepted,False
2026-08-20T01:46:53.740652+00:00,116,1,merge,attn,37,Light-IF-32B,76.0,2.0,accepted,False
2026-08-20T01:47:27.760789+00:00,117,1,merge,attn,63,Light-IF-32B,76.0,2.0,accepted,False
2026-08-20T01:48:02.834855+00:00,118,2,merge,mlp,12,Light-IF-32B,78.0,2.0,accepted,False
2026-08-20T01:48:37.564352+00:00,119,2,merge,mlp,53,Light-IF-32B,78.0,2.0,accepted,False
2026-08-20T01:49:14.930128+00:00,120,2,merge,attn,23,Light-IF-32B,78.0,2.0,accepted,False
2026-08-20T01:49:49.284385+00:00,121,2,merge,attn,38,Light-IF-32B,78.0,2.0,accepted,False
2026-08-20T01:50:23.961414+00:00,122,2,merge,attn,12,Light-IF-32B,78.0,2.0,accepted,False
2026-08-20T01:50:58.983367+00:00,123,2,merge,attn,25,Light-IF-32B,78.0,2.0,accepted,False
2026-08-20T01:51:36.766465+00:00,124,2,merge,attn,34,Light-IF-32B,78.0,2.0,accepted,False
2026-08-20T01:52:13.775426+00:00,125,2,merge,attn,35,Light-IF-32B,78.0,2.0,accepted,False
2026-08-20T01:52:50.759757+00:00,126,2,merge,attn,10,Light-IF-32B,76.0,2.0,accepted,False
2026-08-20T01:53:27.315604+00:00,127,2,merge,attn,24,Light-IF-32B,78.0,2.0,accepted,False
2026-08-20T01:54:04.476651+00:00,128,2,merge,attn,61,Light-IF-32B,78.0,2.0,accepted,False
2026-08-20T01:54:41.466777+00:00,129,2,merge,attn,37,Light-IF-32B,76.0,2.0,accepted,False
